update,environment_steps,episodes_completed,success_rate,evaluation_success_rate,evaluation_mean_minimum_distance,actor_loss,critic_loss,entropy,elapsed_seconds
1,1024,8,0.0,nan,nan,-0.021255606232443824,82.29914289712906,3.682230819016695,0.18219362499075942
2,2048,9,0.0,nan,nan,-0.017894251737743616,48.663390308618546,3.6875076964497566,0.3548219169897493
3,3072,8,0.0,nan,nan,-0.02095322973036673,27.698958218097687,3.6831716373562813,0.5255155829945579
4,4096,9,0.0,nan,nan,-0.013408801241894253,10.613489471375942,3.6753995679318905,0.6961739580001449
5,5120,8,0.125,0.4,0.05910713870868075,-0.010719188285293058,10.412154037505388,3.690507870167494,1.1079835829877993
6,6144,9,0.1111111111111111,nan,nan,-0.006331362848868594,8.691096052527428,3.692157905548811,1.2771021249936894
7,7168,9,0.0,nan,nan,-0.0124373688158812,2.7238634899258614,3.653951894491911,1.4459941669920227
8,8192,8,0.0,nan,nan,-0.01732391344557982,2.9049770161509514,3.659963395446539,1.629645166991395
9,9216,9,0.0,nan,nan,-0.019342497675097547,1.9641284681856632,3.667194038629532,1.7981263749970822
10,10240,8,0.0,0.0,0.06097702407008008,-0.021811945975059643,1.1191118145361543,3.668102689087391,2.2167735419934615
11,11264,9,0.0,nan,nan,-0.01093021007545758,1.4167084861546755,3.654666379094124,2.3853883749980014
12,12288,9,0.2222222222222222,nan,nan,-0.008599715365562588,10.80140446871519,3.6525112949311733,2.553839166997932
13,13312,10,0.4,nan,nan,-0.009767557916347869,17.723020121455193,3.649570744484663,2.7225370419910178
14,14336,10,0.3,nan,nan,-0.008910538817872293,10.262518115341663,3.6445995047688484,2.897037457994884
15,15360,9,0.3333333333333333,0.7,0.040190241465678955,-0.012388948845909908,9.988798581063747,3.6400666274130344,3.2415991669986397
16,16384,9,0.1111111111111111,nan,nan,-0.021510459228011314,4.297363616526127,3.6317498423159122,3.4116568749886937
17,17408,10,0.3,nan,nan,-0.017810852266848087,8.264465771615505,3.6191962771117687,3.5814421249961015
18,18432,9,0.3333333333333333,nan,nan,-0.011051799461711198,6.879244588315487,3.610908877104521,3.750973292000708
19,19456,11,0.45454545454545453,nan,nan,-0.012150159222073853,8.835102893412113,3.606400813907385,3.9207400000013877
20,20480,12,0.6666666666666666,1.0,0.02983113943500488,-0.011939252319280058,6.86202047765255,3.5967017225921154,4.183146166993538
21,21504,10,0.3,nan,nan,-0.013917611009674147,4.110346555709839,3.592202167958021,4.353793082991615
22,22528,12,0.5833333333333334,nan,nan,-0.010231846827082336,4.13188586011529,3.590158525854349,4.524542957995436
23,23552,13,0.8461538461538461,nan,nan,-0.01589657017029822,4.211082741618156,3.5819523632526398,4.693489249999402
24,24576,10,0.3,nan,nan,-0.01682871523371432,2.2238641511648893,3.566998638212681,4.8621007920010015
25,25600,15,0.8666666666666667,1.0,0.025738181873530275,-0.006305971335677896,3.0900400429964066,3.5608583949506283,5.094889667001553
26,26624,16,0.9375,nan,nan,-0.007027833227766678,2.9236053116619587,3.5548955760896206,5.263260124993394
27,27648,13,0.7692307692307693,nan,nan,-0.01905932920635678,2.1987264547497034,3.5411104410886765,5.431126707990188
28,28672,13,0.7692307692307693,nan,nan,-0.01061762346944306,1.6915552727878094,3.5120137855410576,5.59935224999208
29,29696,14,0.7857142857142857,nan,nan,-0.007517427482525818,1.7081699185073376,3.487580005079508,5.767131207991042
30,30720,20,1.0,1.0,0.024203225489065228,-0.015466305718291551,1.290845938026905,3.4728894121944904,5.998519791988656
31,31744,24,1.0,nan,nan,-0.015244579801219516,0.7759135961532593,3.462223708629608,6.168326207989594
32,32768,19,0.8947368421052632,nan,nan,-0.01787675727973692,0.8810455091297626,3.4519479162991047,6.338454249998904
33,33792,27,1.0,nan,nan,-0.007857060998503584,0.44371065264567733,3.439685460180044,6.509676000001491
34,34816,24,0.9583333333333334,nan,nan,-0.01107138887164183,0.5345543795265257,3.4422271475195885,6.680168833001517
35,35840,22,0.9545454545454546,1.0,0.01852715992428009,-0.005117790307849646,0.6025553168728948,3.4313304238021374,6.90735224999662
36,36864,26,1.0,nan,nan,-0.011069966829381883,0.47059582080692053,3.4215082861483097,7.0921008750010515
37,37888,30,1.0,nan,nan,-0.01342030381783843,0.333325931802392,3.405086889863014,7.263040457997704
38,38912,25,0.96,nan,nan,-0.013018336707318667,0.5234838323667645,3.384621527045965,7.433591875000275
39,39936,26,1.0,nan,nan,-0.019536159437848255,0.6098902355879545,3.3721326999366283,7.603994832999888
40,40960,20,1.0,1.0,0.023118907371548227,-0.012692220057942905,0.4348585680127144,3.365941520780325,7.934093874995597
41,41984,17,0.8823529411764706,nan,nan,-0.012473140988731757,0.7099191071465611,3.371639110147953,8.103730207993067
42,43008,17,0.8823529411764706,nan,nan,-0.012880811540526338,0.6610571243800223,3.3633035086095333,8.272458416991867
43,44032,11,0.5454545454545454,nan,nan,-0.01318013490526937,0.8053117217496037,3.341405976563692,8.44071833298949
44,45056,12,1.0,nan,nan,-0.015440403833054006,1.0110024260357022,3.328880276530981,8.609138082989375
45,46080,10,0.6,0.0,0.022421673813162894,-0.012311451238929294,0.6640346571803093,3.3198237381875515,9.02909883299435
46,47104,10,0.3,nan,nan,-0.013179791028960608,0.84315100684762,3.3165996819734573,9.196947249991354
47,48128,8,0.25,nan,nan,-0.011715603730408475,0.3879355168901384,3.316979881376028,9.36474887499935
48,49152,10,0.4,nan,nan,-0.00676792484591715,0.8347468916326761,3.3090478479862213,9.53341466699203
49,50176,8,0.125,nan,nan,-0.011420170194469392,1.6728564258664846,3.3162631951272488,9.70088241698977
50,51200,10,0.4,0.0,0.019848482172682445,-0.011097479829913937,1.050536054186523,3.3104344084858894,10.120984416993451
51,52224,9,0.1111111111111111,nan,nan,-0.015416014168295078,0.4995174740906805,3.3074479289352894,10.288728874991648
52,53248,8,0.0,nan,nan,-0.0109991840145085,0.3107547555118799,3.3075439371168613,10.456441499991342
53,54272,9,0.1111111111111111,nan,nan,-0.011099937059043441,0.7782925902865827,3.302952565252781,10.623992332999478
54,55296,9,0.1111111111111111,nan,nan,-0.012474869028665125,0.872074680402875,3.3034335784614086,10.791594291993533
55,56320,9,0.3333333333333333,0.0,0.017491720366237203,-0.011931427041417919,1.1655263360589743,3.2955865412950516,11.216310791991418
56,57344,9,0.2222222222222222,nan,nan,-0.011393398905056529,1.1668924521654844,3.2743660286068916,11.383535291999578
57,58368,8,0.0,nan,nan,-0.014481890189927071,0.5138826505281031,3.261010956019163,11.551422124990495
58,59392,9,0.0,nan,nan,-0.020791093644220382,0.5010033578146249,3.2606720067560673,11.718995292001637
59,60416,9,0.1111111111111111,nan,nan,-0.011700731141900178,1.0109514717478305,3.251586176455021,11.88631849999365
60,61440,8,0.0,0.0,0.019007749667177436,-0.006522598065203056,0.6872771657072008,3.2365663573145866,12.304707707997295
61,62464,9,0.1111111111111111,nan,nan,-0.00665493645647075,1.1360191558487713,3.2323285304009914,12.474291457998333
62,63488,8,0.0,nan,nan,-0.018689333330257796,0.24354296457022429,3.2298977561295033,12.643619291993673
63,64512,9,0.0,nan,nan,-0.014226095576304942,0.1348556934390217,3.223901681602001,12.81212258299638
64,65536,9,0.0,nan,nan,-0.01612748031038791,0.3647295217961073,3.2109056934714317,12.98561587498989
65,66560,8,0.125,0.0,0.016956000643384043,-0.006343038854538463,1.326266991905868,3.2022575177252293,13.404798957999446
66,67584,9,0.1111111111111111,nan,nan,-0.003982653273851611,1.3633275581523776,3.2052501887083054,13.60252912499709
67,68608,11,0.2727272727272727,nan,nan,-0.01381705395760946,3.759758895263076,3.2121827006340027,13.774694791994989
68,69632,9,0.2222222222222222,nan,nan,-0.012354713784588967,2.513301898725331,3.220543786883354,13.942939666987513
69,70656,9,0.1111111111111111,nan,nan,-0.008159413293469697,1.36185934394598,3.2290427647531033,14.111154207988875
70,71680,8,0.0,0.0,0.008130678984077919,-0.003427808071137406,0.24914147809613496,3.2302967458963394,14.532197624997934
71,72704,9,0.0,nan,nan,-0.012108878916478716,0.49675490567460656,3.223322331905365,14.700790124988998
72,73728,9,0.1111111111111111,nan,nan,-0.00609805500425864,3.275606421753764,3.2263798750936985,14.86950595799135
73,74752,8,0.125,nan,nan,-0.006696271608234383,1.6760954670608044,3.2370201274752617,15.039453207995393
74,75776,9,0.0,nan,nan,-0.002471280429745093,0.7519169077277184,3.2385972812771797,15.20772258299985
75,76800,8,0.0,0.0,0.0077693161400025235,-0.012769904133165255,0.30895890411920846,3.239227067679167,15.627702749989112
76,77824,9,0.0,nan,nan,-0.01288772227417212,0.12849474046379328,3.229036755859852,15.7952443749964
77,78848,9,0.3333333333333333,nan,nan,-0.008867779051797697,4.749925866723061,3.2212970219552517,15.962212416998227
78,79872,10,0.1,nan,nan,-0.007733245947747491,1.391675111837685,3.223651733249426,16.129386542001157
79,80896,9,0.1111111111111111,nan,nan,-0.016054665720730554,1.5801896017510444,3.2185859978199005,16.296534666995285
80,81920,8,0.0,0.0,0.0142208921100555,-0.008575524596381001,0.1387217080919072,3.20672170817852,16.71366899998975
81,82944,9,0.0,nan,nan,-0.010530300249229185,0.12259819253813475,3.1865480951964855,16.88041387499834
82,83968,8,0.0,nan,nan,-0.010680705105187371,0.5781363626010716,3.168563771992922,17.052202166989446
83,84992,9,0.0,nan,nan,-0.010943246408714913,0.09538566356059164,3.154906041920185,17.220524082993506
84,86016,9,0.1111111111111111,nan,nan,-0.0062324412720045075,1.8941620958503336,3.14053612947464,17.38883620798879
85,87040,9,0.0,0.0,0.010508342897034466,-0.00944845293997787,1.2150739915668964,3.136293902993202,17.808854541988694
86,88064,8,0.25,nan,nan,-0.00041931385203497484,3.765775064006448,3.1285773664712906,17.97657795799023
87,89088,9,0.0,nan,nan,-0.006467298502684571,0.2523238805588335,3.1215114891529083,18.144794916996034
88,90112,9,0.0,nan,nan,-0.011626350024016574,0.08728124486515298,3.1074810437858105,18.312739457993302
89,91136,8,0.125,nan,nan,-0.009039949291036464,1.9442623525392264,3.0887951105833054,18.480838874995243
90,92160,9,0.0,0.0,0.0114436400366523,-0.012608962621015962,0.09655647550243884,3.079500861465931,18.90125633298885
91,93184,8,0.0,nan,nan,-0.01343519552028738,0.07276234752498567,3.055876076221466,19.07332995798788
92,94208,9,0.1111111111111111,nan,nan,-0.01398505162796937,2.872538092546165,3.033274073153734,19.241384832988842
93,95232,9,0.0,nan,nan,-0.011522868247993756,2.1865089051425457,3.0224315710365772,19.409168291997048
94,96256,8,0.0,nan,nan,-0.011300358557491563,0.2985935832839459,3.017466675490141,19.577456250000978
95,97280,9,0.1111111111111111,0.0,0.008212571331479618,-0.008140435151290148,2.124438484199345,3.0108993276953697,19.99682670799666
96,98304,9,0.1111111111111111,nan,nan,-0.005289793698466383,2.8382511995732784,3.003352791070938,20.164228249996086
97,99328,8,0.125,nan,nan,-0.01029117638245225,2.1300643789581954,3.0038415491580963,20.331654041990987
98,100352,9,0.1111111111111111,nan,nan,-0.013626466781715862,1.7542816190980375,3.000192105770111,20.50029949999589
99,101376,9,0.1111111111111111,nan,nan,-0.005746168957557529,2.894052129238844,2.9938108921051025,20.66746549999516
100,102400,9,0.0,0.0,0.00959037161007674,-0.006133153743576258,1.959562387317419,2.9949410893023014,21.08708516698971
