episode,seed,goal,cumulative_reward,success,episode_length,final_absolute_error,epsilon,mean_loss,optimization_steps,elapsed_seconds
1,42,0.43832967768954134,-133.23648062348366,0,150,1.215141414399768,1.0,nan,0,0.14743683394044638
2,43,0.24367882032145705,-93.0913366228342,0,150,0.8402316361032828,0.985,nan,0,0.30423550005070865
3,44,-0.6038951845218055,-94.72294352948666,0,150,0.9463630603785325,0.970225,nan,0,0.4513027919456363
4,45,0.11700905111600904,-18.308879050961693,0,150,0.30135803932755656,0.955671625,0.05620619220345622,101,0.6593419590499252
5,46,0.6489668427044993,-111.07563362270594,0,150,0.057511426814787714,0.941336550625,0.011860613586807935,251,0.8624616251327097
6,47,0.38688319142809696,-45.3599176789634,0,150,0.9200225732286356,0.927216502365625,0.015316639273466232,401,1.0668021671008319
7,48,-0.17968020434304874,-53.591583334840834,0,150,0.7271319161973965,0.9133082548301407,0.01681139606322783,551,1.2743509591091424
8,49,-0.219433292358182,-60.34364419775082,0,150,0.10761799441331511,0.8996086310076885,0.010604267426145574,701,1.4807166249956936
9,50,0.45987630701859783,-29.86358740320428,1,104,0.02706539295043142,0.8861145015425732,0.01947081877621643,805,1.6233964171260595
10,51,0.7079059140326669,-38.73402199893026,0,150,0.5063566191012743,0.8728227840194346,0.022487232244263092,955,1.8303242919500917
11,52,0.18522072768389253,-15.365205463027815,0,150,0.36267639001326324,0.8597304422591431,0.021205538858193904,1105,2.0425667921081185
12,53,-0.782196808697174,-35.54025005333607,0,150,0.1432552576113758,0.8468344856252559,0.016861558225161086,1255,2.2507110000588
13,54,-0.44407752852496785,-8.388537865970283,0,150,0.0722665835515055,0.834131968340877,0.018833551652108628,1405,2.4554650001227856
14,55,0.5316034935279209,17.776650206279008,1,72,0.015398592789255372,0.8216199888157638,0.01771440729175487,1477,2.553351999958977
15,56,0.36180167994166407,12.989674499630928,1,26,0.024298442053180325,0.8092956889835273,0.016506491121477805,1503,2.589013291988522
16,57,0.29466672504886676,20.192953707580454,1,58,0.038098186673763634,0.7971562536487744,0.03439643568808919,1561,2.667685667052865
17,58,-0.30558111909400837,15.962044385634362,1,53,0.006990159987276534,0.7851989098440427,0.03519217942771063,1614,2.7399399171117693
18,59,0.14039545386618288,13.224017842439935,1,29,0.031216091740578267,0.773420926196382,0.028337918880299247,1643,2.779409999959171
19,60,-0.2811458996779576,7.992869448941199,1,83,0.013400815344051964,0.7618196123034363,0.028552344683221126,1726,2.8927300421055406
20,61,-0.20100114739577413,14.890881110774352,1,24,0.0011690190951990642,0.7503923181188847,0.0441370138238805,1750,2.925618042005226
21,62,0.17491226697253046,19.534534448757768,1,82,0.0067674329637891495,0.7391364333471014,0.04532533079363042,1832,3.0384651250205934
22,63,0.09612699503290828,17.962989587290213,1,59,0.023416962719531767,0.7280493868468949,0.04513958564533268,1891,3.1195526670198888
23,64,0.7095895243846457,9.979072396270928,1,70,0.007991664044619595,0.7171286460441915,0.06128076495868819,1961,3.216831583995372
24,65,-0.7241736232584464,-2.123487405385827,1,76,0.011687453829709815,0.7063717163535286,0.05123642558771137,2037,3.322314042132348
25,66,0.6779742046974904,11.408002453728113,1,52,0.010981160632737685,0.6957761406082257,0.0470029203615223,2089,3.394213959109038
26,67,-0.13706960015639622,16.965427233465014,1,13,0.006986750178654189,0.6853394984991023,0.016505486188599698,2102,3.4124376671388745
27,68,-0.025013240245493763,17.70697362512583,1,8,0.014635633154965133,0.6750594060216157,0.06460935575887561,2110,3.423447374952957
28,69,0.12859580034507978,25.330639221752058,1,28,0.012108819243101948,0.6649335149312915,0.0582746613238539,2138,3.4624016671441495
29,70,-0.19082424765577138,17.677237658121157,1,49,0.013139847730307463,0.6549595122073221,0.04018524448786463,2187,3.529751375084743
30,71,-0.3945381161003157,10.911755162873304,1,88,0.01377651792762663,0.6451351195242122,0.07459322409704328,2275,3.650693458970636
31,72,0.54053877515808,0.2294179046293685,1,57,0.01761139328686334,0.635458092731349,0.0881210939076386,2332,3.7288109590299428
32,73,-0.011782097138891424,17.588848235597833,1,8,0.03644018767145643,0.6259262213403788,0.10309251362923533,2340,3.7398453750647604
33,74,0.6310052295022516,17.286965713324022,1,81,0.00542877703540523,0.6165373280202731,0.054033252623300124,2421,3.8513997921254486
34,75,-0.4587333095580835,13.598639559699222,1,41,0.019596884421476335,0.607289268099969,0.07996091487385877,2462,3.9078597920015454
35,76,0.4901304146519927,12.982888657029251,1,22,0.01741512812466195,0.5981799290784694,0.054565119641748344,2484,3.938244834076613
36,77,0.4574916936679889,11.946732054464519,1,27,0.007235913888781087,0.5892072301422924,0.06173917827092939,2511,3.9771269999910146
37,78,-0.1298190594714848,17.271503687952645,1,12,0.022294868106000607,0.580369121690158,0.10077621570477883,2523,3.997335334075615
38,79,0.6713638198029683,12.070182914007455,1,40,0.03667692870216699,0.5716635848648056,0.08095360649749636,2563,4.0529914170037955
39,80,0.3783861301495261,14.42549934796989,1,22,0.007405377886562814,0.5630886310918335,0.08071282768452709,2585,4.083122916985303
40,81,-0.10541873423098878,25.18403652581619,1,31,0.0010707731540455095,0.554642301625456,0.04544891320889996,2616,4.125529458979145
41,82,0.796222003816424,8.4873593037948,1,27,0.011627638704311938,0.5463226671010741,0.07074149753208514,2643,4.162736334139481
42,83,-0.29373708823839734,15.310019824234768,1,20,0.0050913407307233705,0.538127827094558,0.07909964481368661,2663,4.190609167097136
43,84,0.37135718228466497,18.84554565176368,1,46,0.004962850258029228,0.5300559096881396,0.08571665902095645,2709,4.254465417005122
44,85,-0.7290832140624011,16.562431109522002,1,91,0.0017834732310197943,0.5221050710428176,0.07487750168030079,2800,4.379989542067051
45,86,0.18473970925725408,16.937488707061856,1,13,0.01874797765027192,0.5142734949771753,0.057371462480379984,2813,4.397969250101596
46,87,0.11321028866451198,17.126732531003654,1,14,0.01462249711115686,0.5065593925525177,0.09680288803896733,2827,4.417194334091619
47,88,-0.47000750433623967,10.966592030052562,1,29,0.005050385650631262,0.4989610016642299,0.09760254682523423,2856,4.457818208960816
48,89,0.12124342689605268,17.32929048612714,1,12,0.00905880822067677,0.49147658663926647,0.07915715508473416,2868,4.474475624971092
49,90,-0.20426755225080467,15.411304164864122,1,21,0.0023147486736971035,0.48410443783967744,0.07036194759642794,2889,4.503292000154033
50,91,-0.3470671077314631,13.840348973497747,1,22,0.007614831483623574,0.47684287127208225,0.07807775083082644,2911,4.533499249955639
51,92,0.16138287389615266,17.20981530121644,1,12,0.0035519344437079936,0.469690228203001,0.06820084014907479,2923,4.550136709120125
52,93,0.776784602163608,10.16960144583136,1,24,0.007164665769662015,0.462644874779956,0.062003234323735036,2947,4.583117875037715
53,94,-0.4165265191180755,14.927825578022748,1,19,0.0044437078054104795,0.4557052016582566,0.07050096782806672,2966,4.609222459141165
54,95,0.06633041182526878,17.585896257613786,1,10,0.019108124931899576,0.4488696236333828,0.10866226209327579,2976,4.623034834163263
55,96,0.3666704356026038,15.701548497125621,1,16,0.0012395990868082074,0.44213657927888206,0.0930021891836077,2992,4.645082625094801
56,97,0.2788374491549343,15.275347758393035,1,24,0.002753983940125271,0.43550453058969885,0.09627943842982252,3016,4.678165375022218
57,98,0.7098488656188722,10.636878376849927,1,26,0.014788495162503246,0.42897196263085335,0.10504841116758493,3042,4.713584874989465
58,99,0.009649079277431128,24.07646034765057,1,21,0.010525485284051811,0.42253738319139056,0.08165073008941752,3063,4.742326291976497
59,100,0.5359706088032142,13.05261746160686,1,20,0.0028826892883661026,0.4161993224435197,0.061248481692746284,3083,4.7698231670074165
60,101,0.7096520089768863,6.3256696810742135,1,35,0.00021207092900410451,0.4099563326068669,0.09092472488326686,3118,4.818052083952352
61,102,-0.5440141679931142,11.934372549736871,1,25,0.004738267980075372,0.4038069876177639,0.07769290946424007,3143,4.85241425014101
62,103,-0.299706827643284,14.188770995568483,1,23,0.01143619040442656,0.39774988280349743,0.07997011146305696,3166,4.884592000162229
63,104,0.541703699791257,15.564667356736027,1,26,0.010769646083008788,0.391783634561445,0.058630323897187524,3192,4.92048608395271
64,105,0.2211125337624713,17.093352147005497,1,27,0.00326334832267286,0.3859068800430233,0.07954531635537192,3219,4.957959792111069
65,106,0.7718525687413371,8.450477680601761,1,28,0.013978406257907583,0.380118276842378,0.06518182733894459,3247,4.996677667135373
66,107,0.23765747104041246,19.008686219807714,1,24,0.004524022683462581,0.3744165026897423,0.10645313537679613,3271,5.029833875130862
67,108,0.5695901077257519,13.823006965778768,1,21,0.006580856562958481,0.3688002551493962,0.05601187844184183,3292,5.05888191703707
68,109,0.06998759826844676,17.51676451752428,1,10,0.006374665597714282,0.36326825132215523,0.09114968851208687,3302,5.072806166950613
69,110,0.6887884984164802,12.225451162736864,1,22,0.025972636258946524,0.3578192275523229,0.06231621779840101,3324,5.103012416977435
70,111,-0.5541418304762674,11.592494872864336,1,25,0.015493912079291072,0.35245193913903805,0.07635830510407686,3349,5.137432791991159
71,112,-0.6136655791877514,13.195442818803713,1,21,0.004856309183490004,0.34716516005195247,0.06589752107503868,3370,5.16639891709201
72,113,-0.6870750299511066,14.997935607473483,1,39,0.007380961049532342,0.34195768265117316,0.061396789426604904,3409,5.221138291992247
73,114,0.3646212392154965,14.584859067574143,1,21,0.003931623268024209,0.33682831741140556,0.07727577244596821,3430,5.2502970839850605
74,115,0.3237408387020484,15.314195516146718,1,19,0.009060812256577733,0.3317758926502345,0.09472247546440676,3449,5.276419500121847
75,116,-0.5242083746058235,11.909966430603527,1,25,0.0013801750349196062,0.32679925426048095,0.08529882729053498,3474,5.310980125097558
76,117,0.6000188161181763,10.918958470178767,1,28,0.016153029801126984,0.3218972654465737,0.09972347312473825,3502,5.349771459121257
77,118,0.6891034314002703,12.169065482902806,1,22,0.0022770810043512,0.3170688064648751,0.10380619764328003,3524,5.380102375056595
78,119,0.7299846389993757,9.441343466378749,1,28,0.013751173152827811,0.312312774367902,0.07311598211526871,3552,5.419023334048688
79,120,0.565986494840935,12.876064689969644,1,21,0.02545322065068023,0.30762808275238346,0.06708159608145554,3573,5.448471792042255
80,121,0.21250529411124486,15.435297255963086,1,20,0.007304288489046407,0.3030136615110977,0.07613925440236927,3593,5.476253041997552
81,122,0.520564123192193,14.628196441242471,1,28,0.010429813645339792,0.29846845658843124,0.07684914242210132,3621,5.515184374991804
82,123,0.29176298119702954,16.314064886095004,1,16,0.004830267086860129,0.2939914297396048,0.08009623293764889,3637,5.537136875092983
83,124,0.45640498246226857,14.037651774498954,1,22,0.009511257947238394,0.28958155829351073,0.07848290565677664,3659,5.567481999984011
84,125,0.5627991737613968,12.0851426795125,1,27,0.011118115310913557,0.2852378349191081,0.0653151882191499,3686,5.604647750034928
85,126,-0.7901182784501452,8.922888448741288,1,28,0.005626756638128616,0.28095926739532145,0.08151800877281598,3714,5.643367666983977
86,127,-0.7000534916266029,8.478692284843419,1,34,0.00013257907204300423,0.2767448783843916,0.06725926883518696,3748,5.690406250068918
87,128,0.2546868814937078,16.555074690654873,1,14,0.006934563826484219,0.27259370520862575,0.09901647322944232,3762,5.709941833978519
88,129,-0.1850938049872271,16.972293995507062,1,14,0.02172931689443608,0.26850479963049634,0.07482268049248628,3776,5.729452166939154
89,130,-0.07475136603226087,17.531117003120016,1,10,0.0006549643669839511,0.26447722763603887,0.07477866820991039,3786,5.743260709103197
90,131,0.23434164839445373,16.802376735955477,1,16,0.0066929044706030005,0.2605100692214983,0.05461168184410781,3802,5.7653196670580655
91,132,-0.571837880888738,12.188676662370563,1,22,0.010281050038561612,0.2566024181831758,0.05055898292498155,3824,5.795882334001362
92,133,0.7602420291018505,11.27171708755195,1,24,0.0019250495808725843,0.2527533819104282,0.06049995170906186,3848,5.829243167070672
93,134,0.7495559743728608,13.211115417815744,1,27,0.012750604413614863,0.24896208118177174,0.060782604195453505,3875,5.866780125070363
94,135,0.07717185038219282,17.422557769576088,1,11,0.008910569855629893,0.24522764996404517,0.06497446447610855,3886,5.881976667093113
95,136,-0.5960927665281072,13.445514961145818,1,20,0.00309575777608162,0.2415492352145845,0.057184981368482116,3906,5.909742959076539
96,137,0.5730912825059654,9.971049376192969,1,27,0.000986103304028707,0.23792599668636571,0.06601292874526095,3933,5.947310999967158
97,138,0.11699229502835334,17.087020140886306,1,13,0.012501310046203418,0.23435710673607021,0.07448530440720227,3946,5.96531999995932
98,139,-0.13317999674261946,20.343046345678157,1,21,0.0013022161033106883,0.23084175013502917,0.05848187358961219,3967,5.99691754207015
99,140,0.26819207989691735,16.27776384335011,1,16,0.015876595424582862,0.22737912388300371,0.0762070402270183,3983,6.021473458968103
100,141,0.3780744118209414,15.792415219685063,1,17,0.0035936535178877627,0.22396843702475866,0.06702096924624022,4000,6.045279792044312
101,142,-0.7643358949513219,10.282934209704399,1,24,0.013462014616536067,0.22060891046938727,0.08928984869271517,4024,6.078728834167123
102,143,-0.1386877443924524,17.14235991719179,1,14,0.01541224163213123,0.21729977681234647,0.06057582848838398,4038,6.0982194589450955
103,144,0.46841894399878065,13.227725759753957,1,22,0.00028817764427918613,0.21404028016016127,0.04439023043960333,4060,6.1284951670095325
104,145,0.1610088905410043,19.844127419590947,1,16,0.005015270888648532,0.21082967595775884,0.06364561570808291,4076,6.150572209153324
105,146,0.480806468380621,12.863925534550798,1,24,0.0003686128612139239,0.20766723081839245,0.05248430479938785,4100,6.183883459074423
106,147,0.7831786900971638,10.657032115827315,1,24,0.006559000910636215,0.20455222235611656,0.04860355487714211,4124,6.217981167137623
107,148,0.21991879608324522,16.875211172923446,1,14,0.003205091740471566,0.2014839390207748,0.04882266292614596,4138,6.237284375121817
108,149,-0.668758880231947,12.427230443269945,1,22,0.00419245113272515,0.19846167993546318,0.05665257124399597,4160,6.267885209061205
109,150,-0.7922847295094224,10.759168546693399,1,23,0.0021733360455471473,0.19548475473643123,0.05387335473104664,4183,6.299826042028144
110,151,-0.01312985206859274,17.829636765271424,1,8,0.003615919638137439,0.19255248341538475,0.054754896089434624,4191,6.31079400004819
111,152,-0.4503476773628666,13.940948931779712,1,21,0.005126232292715915,0.18966419616415398,0.04678156723578771,4212,6.340110708959401
112,153,0.6962860396869085,11.907890832063275,1,23,0.0017833248950114289,0.18681923322169167,0.04912485765374225,4235,6.372145292116329
113,154,0.13415464770169497,17.045496552763506,1,13,0.002364441319249483,0.1840169447233663,0.06064446814931356,4248,6.390257874969393
114,155,-0.30163227538935833,17.841477629734435,1,21,0.0020118010825392885,0.1812566905525158,0.08544873712318284,4269,6.41951937507838
115,156,-0.5780478332281428,13.465430881653447,1,20,0.0018820911599053414,0.17853784019422808,0.056282038893550636,4289,6.4478144170716405
116,157,-0.3790532536663431,15.69748082337901,1,16,0.01099928893318397,0.17585977259131466,0.036967828404158354,4305,6.470126667059958
117,158,0.7506103479931534,11.208891234389739,1,31,0.0026474062258557973,0.17322187600244493,0.038633836433291435,4336,6.5131393750198185
118,159,0.4959057297105247,14.070924115600064,1,20,0.005409244959594162,0.17062354786240824,0.038667088840156794,4356,6.541033084038645
119,160,0.08735987322833694,17.411282037569617,1,11,0.00010482836548228458,0.16806419464447211,0.03512256609445268,4367,6.5563460839912295
120,161,-0.050224630166091626,17.62079457147047,1,9,0.002787071230014093,0.16554323172480503,0.039879742388923965,4376,6.56886879215017
121,162,-0.6852515077098883,12.166118650324643,1,22,0.023890385731002883,0.16306008324893295,0.03551589215004986,4398,6.599395417142659
122,163,0.49062578098745163,14.02024235855788,1,20,0.008629502275286971,0.16061418200019895,0.03522867211140692,4418,6.6270645421464
123,164,-0.6831355528683029,12.288547009509056,1,21,0.005697752017170932,0.15820496927019595,0.03840719872996921,4439,6.656105375150219
124,165,-0.059709272315898336,17.638892040308566,1,9,0.003034371870296114,0.155831894731143,0.03666775797804197,4448,6.668645209167153
125,166,0.3459860294783441,15.843524152997997,1,17,0.00246979525964075,0.15349441631017585,0.038117178441847074,4465,6.692299959016964
126,167,-0.6149530854943976,12.692520510451867,1,27,0.00900438170168294,0.15119200006552322,0.03936667278133057,4492,6.7298921251203865
127,168,-0.3676406739698818,15.596577806270215,1,18,0.0027278727735655095,0.14892412006454037,0.06598974785043134,4510,6.754836542066187
128,169,-0.037599645218259425,17.69397872099653,1,8,0.008377394252448288,0.14669025826357227,0.05954544898122549,4518,6.765854500001296
129,170,0.459869603364489,14.330984616698696,1,20,0.010469491240170992,0.14448990438961867,0.04087905455380678,4538,6.793651625048369
130,171,-0.6360090658815587,12.300986855849624,1,23,0.002822822874842257,0.1423225558237744,0.04062733580560788,4561,6.825598209165037
131,172,-0.5276329858845987,14.191754175571258,1,19,0.002187759599746264,0.14018771748641778,0.03550965329141993,4580,6.852041250094771
132,173,-0.6907097437111318,12.249093084631022,1,20,0.000632144931164258,0.13808490172412152,0.037039250042289494,4600,6.8800149171147496
133,174,0.6732018799909603,10.489879947004374,1,25,0.00045760981715237126,0.1360136281982597,0.03834232226014137,4625,6.914711334044114
134,175,0.1012480157426655,17.50479140430689,1,11,0.005335212824934946,0.13397342377528582,0.036652236838232384,4636,6.930322250118479
135,176,0.6540745136225041,11.877615075698124,1,23,0.003091797220234671,0.13196382241865653,0.04033319765458936,4659,6.962379958946258
136,177,-0.022403281297594547,17.848625004617496,1,8,0.0074661449440767864,0.12998436508237668,0.03951082518324256,4667,6.9736784170381725
137,178,0.41732411070229497,17.118786559998988,1,27,0.011064947564604355,0.12803459960614103,0.033562409726006014,4694,7.011099334107712
138,179,0.668911245831231,11.479404858453199,1,24,0.0024677914340048845,0.1261140806120489,0.032256771344691515,4718,7.045270542148501
139,180,0.12169016273307634,17.37599146098364,1,11,0.006908164384552079,0.12422236940286817,0.03483155234293504,4729,7.0606717499904335
140,181,0.4579668237628788,15.0498217465356,1,19,0.010858407279197235,0.12235903386182514,0.034610535361264884,4748,7.087452209088951
141,182,-0.5344363515133422,12.725826472928748,1,23,0.001739161812242429,0.12052364835389777,0.056405268204600914,4771,7.11978237493895
142,183,0.7223144519961402,10.638776290032547,1,24,0.0008874173931595619,0.1187157936285893,0.04230000994478663,4795,7.153365834150463
143,184,-0.771549345045806,10.899471670575439,1,24,0.002479529266080527,0.11693505672416046,0.03694930540708204,4819,7.187338249990717
144,185,-0.44867504265769864,14.884824567707255,1,19,0.0029520721060852795,0.11518103087329805,0.03462424668434419,4838,7.214460875140503
145,186,0.07560709268196497,17.730090305022895,1,10,0.0051035329568758225,0.11345331541019858,0.044663209840655325,4848,7.228890750091523
146,187,-0.39327045508714226,15.676762088667601,1,18,0.005126922700410208,0.11175151567904561,0.04328809740642706,4866,7.254076209152117
147,188,-0.646222439621647,12.665803527925164,1,22,0.0039020156815212648,0.11007524294385992,0.03354139676825567,4888,7.284813625039533
148,189,-0.021018718034337525,17.732300043758006,1,8,0.0045455057704923765,0.10842411429970203,0.034761662129312754,4896,7.296072416938841
149,190,0.050630582981326104,17.691766045358964,1,9,0.004947855206905376,0.1067977525852065,0.03006769551171197,4905,7.3087092090863734
150,191,0.756145996267314,11.347142791375518,1,23,0.008003806618248399,0.10519578629642841,0.033361260981663414,4928,7.340886292047799
151,192,0.25446987331827414,16.55639680805616,1,14,0.006651992890546465,0.10361784950198198,0.035338522866368294,4942,7.36047837510705
152,193,0.009615832057768793,17.837368363090356,1,8,0.007701698994061855,0.10206358175945225,0.03633105778135359,4950,7.371588499983773
153,194,0.5835669025547813,13.577814820047934,1,20,0.00027999626646979525,0.10053262803306047,0.0400718305259943,4970,7.399691000115126
154,195,-0.7450393783807865,10.767462647496723,1,24,0.004254745774108559,0.09902463861256457,0.03235107768947879,4994,7.433895749971271
155,196,0.6112673354359208,12.605437057191738,1,22,0.004131141656638304,0.09753926903337609,0.06500998782840642,5016,7.465284042060375
156,197,0.6953058212754748,12.330035961369868,1,22,0.003433579428411937,0.09607617999787545,0.053437577560544014,5038,7.495977750048041
157,198,0.4777374991777972,13.595619910856476,1,22,0.015583848878458928,0.09463503729790732,0.04267038684338331,5060,7.526707584038377
158,199,0.2783017998282961,16.440835180692375,1,15,0.0063641774343910495,0.0932155117384387,0.041856507460276283,5075,7.547838459024206
159,200,0.2349346298866209,16.762414415739478,1,14,0.020817454150080322,0.09181727906236212,0.046717150935104916,5089,7.567385750124231
160,201,0.7851739918066429,11.133262569614454,1,23,0.0027981695142497154,0.09044001987642668,0.04453294327401597,5112,7.599586709169671
161,202,-0.24594000012201234,16.557723250548587,1,15,0.005258084627518922,0.08908341957828028,0.04438567285736402,5127,7.620561375049874
162,203,0.4495088790796258,15.054020000441232,1,19,0.00022542997295355027,0.08774716828460608,0.05279968737771636,5146,7.646979958983138
163,204,0.05829614838269244,17.758546133036724,1,9,0.006065745511661724,0.08643096076033699,0.041913644721110664,5155,7.6595389591529965
164,205,0.653096984155142,12.474643496400676,1,22,0.007638053777835219,0.08513449634893193,0.0463873085311868,5177,7.690239042043686
165,206,0.5792150544135372,13.575033691748104,1,20,0.0035099709080017583,0.08385747890369795,0.038404314499348405,5197,7.718169583939016
166,207,-0.3579894393285441,15.820320545881987,1,17,0.002299625475171485,0.08259961672014247,0.04047683757894179,5214,7.741923541994765
167,208,0.7267554662715551,11.973484654724597,1,22,0.006548428797466199,0.08136062246934034,0.04218405476686629,5236,7.772695959080011
168,209,-0.3439280026773073,15.390470293816179,1,18,0.004975924387567221,0.08014021313230023,0.05233540292829275,5254,7.797885459149256
169,210,0.35500648739536467,15.843054158845916,1,16,0.00013994469483091798,0.07893810993531572,0.07643860159441829,5270,7.820118417032063
170,211,-0.08526263193826047,17.608795423258563,1,11,0.00316152844411334,0.07775403828628598,0.05101138827475635,5281,7.8353712919633836
171,212,0.11608945206010352,17.43156742719002,1,12,0.00315163215734314,0.07658772771199168,0.06352532003074884,5293,7.852310584159568
172,213,0.24137708588470766,16.71436673887074,1,15,0.006320734664154254,0.0754389117963118,0.05099135662118594,5308,7.873300499981269
173,214,-0.6487910818301442,12.844196563656443,1,21,0.0017463606064067605,0.07430732811936713,0.04458731812025819,5329,7.902893875027075
174,215,0.657533863882282,11.789636608748697,1,24,0.002092862951731611,0.07319271819757663,0.048680544132366776,5353,7.936587084084749
175,216,0.6715795300826246,12.61948803588748,1,22,0.009596851436280751,0.07209482742461297,0.04898654178462245,5375,7.96748495916836
176,217,0.5737253668678142,13.567944384738803,1,21,0.009345667869495644,0.07101340501324377,0.05221541474262873,5396,7.996899042045698
177,218,0.7687902713507523,10.91030890145339,1,24,0.003341603884969624,0.06994820393804511,0.051632057409733534,5420,8.039282042067498
178,219,0.3009490740109412,16.4597366618691,1,16,0.00645305462888307,0.06889898087897443,0.04886408825404942,5436,8.062094875145704
179,220,0.6250275208761913,13.263583447027486,1,21,0.00590866847042848,0.06786549616578981,0.052093357113855224,5457,8.091574625112116
180,221,-0.07209707000923889,17.579290196823422,1,10,0.0035464452622436388,0.06684751372330296,0.04094761274755001,5467,8.105602042051032
181,222,-0.196465664204845,16.957243589917198,1,13,0.0025393227114839656,0.06584480101745341,0.056163658029758014,5480,8.123807749943808
182,223,0.6187799656172412,12.840468406083527,1,22,0.0017735479698148815,0.06485712900219161,0.055089479735629124,5502,8.154431542148814
183,224,0.0653731077267226,17.798332998517434,1,10,0.00513045199836655,0.06388427206715873,0.07918609194457531,5512,8.168437666958198
184,225,0.16404577823773128,17.306569008901715,1,13,0.010067220736690141,0.06292600798615135,0.06910609482572629,5525,8.186668833950534
185,226,0.2752428311455903,16.508883415861057,1,15,0.00417088642462321,0.06198211786635908,0.06607884019613267,5540,8.208034374983981
186,227,-0.005021070537131501,17.844269081577657,1,8,0.014357648923730221,0.06105238609836369,0.05045457789674401,5548,8.219602584140375
187,228,0.25825495334676013,16.514552209712566,1,15,0.006675664991687036,0.060136600306888235,0.05917792071898778,5563,8.24108483409509
188,229,0.6100792756441845,12.565206467360259,1,23,0.006077234967528988,0.05923455130228491,0.052135111845057945,5586,8.2732810000889
189,230,-0.7867840764688252,10.951541966013611,1,23,0.010123560590544423,0.058346033032750634,0.056365131926925285,5609,8.30555466702208
190,231,0.07642876588017239,17.72187357470393,1,10,0.00592520615508324,0.05747084253725938,0.044923121482133864,5619,8.319502874976024
191,232,0.1272888610696736,17.450522527471186,1,12,0.0043252277102937275,0.05660877989920048,0.05074929911643267,5631,8.336302625015378
192,233,-0.6487777720767355,12.841991576971486,1,22,0.003238975997692184,0.055759648200712476,0.05796286920932206,5653,8.36706745903939
193,234,0.4806725540958359,14.792197034030687,1,19,0.000968224327964895,0.054923253477701786,0.05464147933219608,5672,8.393550334032625
194,235,-0.001724087940607788,17.986207296140492,1,8,0.001724087940607788,0.054099404675536256,0.058436299208551645,5680,8.404721667058766
195,236,0.5242124570668703,14.217298093205317,1,20,0.004486990129388024,0.05328791360540321,0.06534429211169482,5700,8.432920583989471
196,237,-0.03575375311665354,17.55928992652334,1,8,0.015045175511201409,0.05248859490132216,0.07024140609428287,5708,8.444310000166297
197,238,-0.14097278019381818,17.451256919364095,1,12,0.004334782946883969,0.05170126597780233,0.05118759317944447,5720,8.461247167084366
198,239,-0.7757338356858297,10.948279053065926,1,23,0.003749463260960817,0.05092574698813529,0.06298257394329361,5743,8.49348337505944
199,240,0.2545827231886378,16.63521813293919,1,14,0.00831721516531625,0.05016186078331326,0.07812582249087947,5757,8.513144541997463
200,241,-0.44712470119858455,15.068920502858237,1,18,0.005958461064694276,0.05,0.06432715306679408,5775,8.538262916961685
201,242,-0.6617432304700671,12.564973361603915,1,21,0.00819620392790854,0.05,0.06244154948563803,5796,8.56780904205516
202,243,-0.04723024409233432,17.642523415223696,1,10,0.005524191345313859,0.05,0.06524076592177153,5806,8.58177537494339
203,244,-0.6525506712561783,12.69962261854671,1,21,0.005498593699786558,0.05,0.06950887248274826,5827,8.611009791959077
204,245,-0.14794845171766813,17.14563026887772,1,15,0.0006476988807913586,0.05,0.05686757490038872,5842,8.631915917154402
205,246,-0.39614325213749313,15.549273219099268,1,18,0.0059824930289912315,0.05,0.06159641697174973,5860,8.657228792086244
206,247,0.4137807951539708,15.420040325459558,1,17,0.0003478395626131947,0.05,0.06143903655602651,5877,8.681007124949247
207,248,0.24596737978055946,16.559187865955757,1,16,0.0010263040537706047,0.05,0.060941899195313454,5893,8.703232125146315
208,249,0.7185865214866752,11.45535625325283,1,23,0.0007030894876989269,0.05,0.058976922346198044,5916,8.735241959104314
209,250,-0.47366811208511683,14.76651474252576,1,19,0.0005965644721442342,0.05,0.06959348789563305,5935,8.761823209002614
210,251,0.08165696192418093,17.730971171567216,1,10,0.0038672524505684314,0.05,0.06128119081258774,5945,8.775832999963313
211,252,0.100236513780607,17.499540394358338,1,11,0.004917402244507957,0.05,0.063490034843033,5956,8.791358959162608
212,253,-0.39187978447010324,15.642517287493684,1,18,0.002633330994047889,0.05,0.0532525974429316,5974,8.816507542040199
213,254,-0.08884427760140544,17.43762506181374,1,13,0.005381023755537201,0.05,0.05235564565429321,5987,8.834705875022337
214,255,0.49369719370308085,13.655406782496721,1,20,0.007599490675074372,0.05,0.07052511479705573,6007,8.862529125064611
215,256,0.34557185785586175,15.769148740789387,1,17,0.0023655118524600893,0.05,0.08382172312806635,6024,8.886265417095274
216,257,0.39501507980959083,15.66127060544677,1,17,0.0024933046663938585,0.05,0.07278091296115342,6041,8.909936042036861
217,258,-0.23797407280510932,16.87451773227658,1,14,0.0017261750411920185,0.05,0.07595769688487053,6055,8.92963141715154
218,259,0.15956887759370542,17.11810845688451,1,12,0.0010417409326492766,0.05,0.061379704624414444,6067,8.946445374982432
219,260,0.6904698107192884,11.30804045870609,1,24,0.000288349569508739,0.05,0.058916027968128525,6091,8.980061584152281
220,261,-0.25037858170280014,16.53181249452755,1,16,0.003219500132734643,0.05,0.07597999623976648,6107,9.002430000109598
221,262,0.5448918822207949,13.577927795634604,1,22,0.0011814227636585128,0.05,0.0582325490699573,6129,9.033356209052727
222,263,-0.2603569452314078,16.677448483614718,1,15,0.0009729099358908311,0.05,0.07108547439177831,6144,9.054321917006746
223,264,-0.19335398110857868,17.05593120817939,1,13,0.008041943496932463,0.05,0.06202538368793634,6157,9.072469000006095
224,265,-0.295113680977912,16.52155780796602,1,16,0.011197305018050885,0.05,0.06614584405906498,6173,9.094852542039007
225,266,-0.471345743760549,14.941084067802876,1,19,0.0029298025596092847,0.05,0.06934022589733727,6192,9.121143250027671
226,267,0.1250531317934355,17.384381468012,1,12,0.0036290269070789194,0.05,0.060608769146104656,6204,9.137801500037313
227,268,0.7403069036721794,11.535771531425418,1,23,0.008820858926501307,0.05,0.060522831490506294,6227,9.169957834063098
228,269,-0.30293927530655207,16.435959553494467,1,16,0.006840170903484655,0.05,0.0591406513703987,6243,9.192427709000185
229,270,-0.17823420853241814,17.279443301307037,1,13,0.0020123115679109016,0.05,0.07442924838799697,6256,9.210935042006895
230,271,0.4511672098136087,14.782876835990464,1,19,0.008291353330029338,0.05,0.09530393171467279,6275,9.237675584154204
231,272,-0.10537803802450565,17.484991875779816,1,11,0.0062424898614432955,0.05,0.08040578832680528,6286,9.25314712501131
232,273,-0.49250673683802726,14.528939097537659,1,19,0.00189979225049286,0.05,0.07740211663277526,6305,9.279884584015235
233,274,0.7617596453147786,11.325929346174235,1,22,0.008361158067345165,0.05,0.08170912584120577,6327,9.310590666951612
234,275,0.6798709516306958,12.529561781068333,1,22,0.010057524516843053,0.05,0.08149237185716629,6349,9.341460042167455
235,276,0.5153254000999814,14.283143622949137,1,21,0.0013283625914888297,0.05,0.08808320193063646,6370,9.371025500120595
236,277,0.02138863433514402,17.856867101369424,1,8,0.00641352076445784,0.05,0.0658426012378186,6378,9.382347750011832
237,278,0.3186094621291325,15.864774319325806,1,18,0.010567096210416405,0.05,0.0856929531113969,6396,9.407512167003006
238,279,-0.7191830785668158,11.811778443143702,1,22,0.006108650143686112,0.05,0.06956284230744297,6418,9.438899625092745
239,280,0.7960927845494723,11.009907412540635,1,23,0.003918465802947968,0.05,0.07222752823777821,6441,9.47156716696918
240,281,-0.08927152771212442,17.461530039831995,1,10,0.004135084432126707,0.05,0.07975660730153322,6451,9.485693084076047
241,282,0.199246493269189,17.05005674188724,1,14,0.0007308135348740585,0.05,0.07683339448911804,6465,9.505144209135324
242,283,0.3930326097222585,15.398651538044213,1,17,0.011034537447417614,0.05,0.08109464715508853,6482,9.528992334147915
243,284,0.20823893593389525,16.94436560170725,1,14,0.007818989398231474,0.05,0.056449340257261484,6496,9.548561583971605
244,285,-0.7331598275382935,11.728197303321213,1,23,0.0013422252716727145,0.05,0.09666327662442041,6519,9.58088287501596
245,286,-0.11606084469558642,17.30502635084558,1,13,0.00419700557520257,0.05,0.09787649747270805,6532,9.598958959104493
246,287,0.5620782766214724,13.923609284474514,1,20,0.009858399513925753,0.05,0.06552666258066893,6552,9.626814916962758
247,288,0.3734360107129819,15.739962398493663,1,17,0.007862386599442717,0.05,0.07889563086278298,6569,9.650599166983739
248,289,0.548520441973744,14.120389075181446,1,20,0.0059319756495148646,0.05,0.08310928577557206,6589,9.678650374989957
249,290,-0.17158074741539675,17.051678591570816,1,12,0.0015168817567264292,0.05,0.08717134750137727,6601,9.695497167063877
250,291,-0.4910522356439964,14.432409372623077,1,19,0.006464542527626627,0.05,0.0773024631566123,6620,9.72229512501508
251,292,0.3710760299092563,15.26182486177422,1,18,0.0025722279346863663,0.05,0.08909474230474895,6638,9.747671167133376
252,293,0.3076120276377404,16.429315959790255,1,16,0.00586711112966426,0.05,0.0806673695333302,6654,9.770014584064484
253,294,0.2347783402037738,16.74252475448884,1,14,0.00751162977139766,0.05,0.09371187085551876,6668,9.789588750107214
254,295,-0.5739465433445153,13.642889089824166,1,20,0.0006390378024644372,0.05,0.09102981220930814,6688,9.817553916946054
255,296,0.2631054099972669,16.63203051397577,1,15,0.0037773158177379362,0.05,0.0873760404686133,6703,9.838520334102213
256,297,-0.6807198236903981,12.247930068103596,1,22,0.0031089002668355237,0.05,0.07732941794463179,6725,9.869431792059913
257,298,0.027798961655655676,17.804907974839445,1,8,0.0015544288751083817,0.05,0.095115881646052,6733,9.880672625033185
258,299,0.33918184370258686,15.504713156528306,1,18,0.01064513692801744,0.05,0.0855926163494587,6751,9.905817999970168
259,300,0.2725921418700056,16.488395133288577,1,15,0.003932222752559,0.05,0.07370717028776805,6766,9.926809625001624
260,301,-0.15881494163077453,17.05545280945953,1,12,0.006667150222464835,0.05,0.09991788088033597,6778,9.943926542066038
261,302,0.41559406958556233,15.28967319149524,1,18,0.0055969713705560364,0.05,0.09188024968736702,6796,9.969254499999806
262,303,-0.45690812937495534,14.787044634553602,1,18,0.003163379947829781,0.05,0.09526010995937718,6814,9.994709708960727
263,304,0.09918332538245932,17.522053181845695,1,11,0.003337956664106176,0.05,0.08371858908371492,6825,10.010085209039971
264,305,0.3443628934464744,15.886560616712085,1,16,0.013423676296362319,0.05,0.0984010606771335,6841,10.033806750085205
265,306,-0.7070549447778268,11.564962547426694,1,23,0.002028846803119433,0.05,0.09153777223242365,6864,10.07270266697742
266,307,0.21267252749557228,16.963169177540113,1,13,0.00038410798408383684,0.05,0.09726646513893054,6877,10.090921875089407
267,308,0.2981400708208149,16.07941911164671,1,17,0.012859629573440667,0.05,0.08636622426702696,6894,10.114574084058404
268,309,-0.4263268204066867,15.17077915603295,1,18,0.007166860431048028,0.05,0.08088247519400385,6912,10.139622209127992
269,310,0.02974859890854109,17.789297385048123,1,8,0.0029005764154862654,0.05,0.10728173283860087,6920,10.150714667048305
270,311,-0.5589464923930937,13.85520077997353,1,20,0.0029155818850897797,0.05,0.07612726031802594,6940,10.179060209076852
271,312,0.07897407860127573,17.649436876084657,1,10,0.00715890515055792,0.05,0.09136659167706966,6950,10.193061042111367
272,313,0.21091587629712105,16.878108158055692,1,13,0.0045433382136504386,0.05,0.08892578946856353,6963,10.211562334094197
273,314,0.6760674783816824,11.575671856710686,1,23,0.00385370016705211,0.05,0.09376339679178984,6986,10.244177249958739
274,315,0.4567801783377709,15.073394836764782,1,18,0.0036470317413392905,0.05,0.10085605602297518,7004,10.269302417058498
275,316,0.794442474100674,10.900383969335236,1,22,0.0030083458093381754,0.05,0.10490395399657163,7026,10.300227584084496
276,317,0.6948647674924473,12.2878785089124,1,21,0.0009438001037904709,0.05,0.10351524643954776,7047,10.329676792025566
277,318,0.7342470497330112,11.822412408841775,1,22,0.010417957122973998,0.05,0.09273342381824147,7069,10.360550084151328
278,319,-0.4611809838918003,14.902931611705572,1,18,0.004550025798655599,0.05,0.11240037965277831,7087,10.385612959042192
279,320,0.5022171584140759,14.453112952993251,1,19,0.011227536047864306,0.05,0.1017797908892757,7106,10.412391541991383
280,321,0.2540267126185972,16.494069166027476,1,15,0.0010513470758331533,0.05,0.07661649559934934,7121,10.433545042062178
281,322,-0.3061465311429526,16.384168328403028,1,16,0.007051687379167004,0.05,0.10517860308755189,7137,10.45621275017038
282,323,-0.3538996454983792,15.928493230842287,1,17,0.004159040931568991,0.05,0.0965893211610177,7154,10.480290292063728
283,324,-0.4094636233600131,15.4016038791975,1,18,0.0027946464632583323,0.05,0.10643850763638814,7172,10.505546875065193
284,325,-0.050306864077934145,17.694670365494677,1,9,0.0030322375701315255,0.05,0.08557429392304686,7181,10.518264959100634
285,326,-0.7236977300718946,11.69180864598602,1,22,0.004088140718405908,0.05,0.10252072509716857,7203,10.549348042113706
286,327,0.21945605739503568,17.00181350703351,1,14,0.0027080583956176907,0.05,0.08770110710923161,7217,10.568953250069171
287,328,0.6843915571552129,12.34743778698612,1,22,0.007838526880364904,0.05,0.10577961904081432,7239,10.599900417029858
288,329,-0.4187694915841078,15.231911280879284,1,18,0.005565870780870341,0.05,0.10880598953614633,7257,10.62516179215163
289,330,0.7745134802578211,11.253449976048433,1,22,0.006720621348335398,0.05,0.10917072963308204,7279,10.656246792059392
290,331,-0.25601736936638403,16.647950796829537,1,14,0.005171843113377761,0.05,0.08815899331654821,7293,10.675854166969657
291,332,-0.5918378917783741,13.127223917969967,1,21,0.001756037848407499,0.05,0.12041146627494267,7314,10.705302125075832
292,333,0.6704029248284327,12.622835607395974,1,21,0.00273128040075854,0.05,0.10623425227545556,7335,10.734838500153273
293,334,-0.08757687299381836,17.538238924811594,1,10,0.007623608668793649,0.05,0.08915022797882557,7345,10.74885950004682
294,335,-0.27573873954823097,16.407973468101773,1,15,0.023889068460008878,0.05,0.09168719214697679,7360,10.769721375079826
295,336,0.7111860679021854,11.69232617468224,1,22,0.0015760152863520949,0.05,0.093372604386373,7382,10.800445584114641
296,337,-0.7540197337698249,11.334229875553865,1,22,0.002196686460273045,0.05,0.10408825122497299,7404,10.831539375009015
297,338,0.4029064538090282,15.540934627898968,1,17,0.001926126101474468,0.05,0.09749398402431432,7421,10.855504542123526
298,339,-0.3319002244534568,16.040267235715874,1,16,0.004015338132496049,0.05,0.10196936363354325,7437,10.878053958993405
299,340,0.5254179839244655,14.2644719303702,1,20,0.00857018938555143,0.05,0.10635902136564254,7457,10.905921041965485
300,341,0.17711574284172418,17.117284172400833,1,13,0.018546596347722405,0.05,0.1216385754255148,7470,10.924061208963394
301,342,0.15860218360431252,17.331959352921693,1,12,0.0047411417555077995,0.05,0.10700503379727404,7482,10.940974584082142
302,343,0.45931096450203734,15.044652590347686,1,18,0.00730974375007043,0.05,0.11051657350940837,7500,10.966650458984077
303,344,0.3181161214332413,16.32438406124711,1,15,0.0006779245926674671,0.05,0.10330640052755674,7515,10.987661084160209
304,345,0.2380715877922892,16.796152527071534,1,15,0.0019686127988530755,0.05,0.1256820946931839,7530,11.008856167085469
305,346,-0.4201454935416301,15.208114140480756,1,18,0.0049745242521612165,0.05,0.12004633372028668,7548,11.035062209004536
306,347,-0.35123520691463705,15.957266752794386,1,16,0.004845506414836276,0.05,0.08955661067739129,7564,11.057668291963637
307,348,-0.4604654538452884,14.950368792656809,1,18,0.0035861922611766794,0.05,0.11004095141672426,7582,11.083129375008866
308,349,-0.22663799830657735,16.872573506925256,1,14,0.0115125586464436,0.05,0.09480285218783788,7596,11.102756292093545
309,350,0.6351697118353207,13.002220654045232,1,20,0.0059415032913708865,0.05,0.12726666973903775,7616,11.130788041977212
310,351,0.23336023486993016,16.84215400911635,1,14,0.004861566572405135,0.05,0.10570129126842533,7630,11.150314833968878
311,352,-0.35225736041800054,15.930750242914655,1,16,0.004924066354777434,0.05,0.10999311460182071,7646,11.173025417141616
312,353,0.46160825534001493,14.942091341951162,1,19,0.021045092998918158,0.05,0.11056249255412504,7665,11.200132166966796
313,354,0.19153405566208317,17.05387619917092,1,13,0.005275600694266497,0.05,0.13228703232911918,7678,11.21891549997963
314,355,-0.46445709933102164,14.853222818920766,1,19,0.0032866720764224144,0.05,0.10632233135402203,7697,11.245710958959535
315,356,-0.35356865859691705,15.893180928583025,1,17,0.006201916623845505,0.05,0.13595183456645293,7714,11.269707959145308
316,357,-0.3505178322549336,16.02087604519911,1,17,0.002977897810769403,0.05,0.09674539942951764,7731,11.29352091695182
317,358,0.1713109618959301,17.31035817330703,1,13,0.00218343000671134,0.05,0.06882264450765573,7744,11.312082250136882
318,359,-0.08806928712926379,17.372846399480476,1,12,0.0028875539639620362,0.05,0.09546224633231759,7756,11.32920804200694
319,360,0.6812533203095499,12.466756389994407,1,22,0.0010310876634299637,0.05,0.10904606948183342,7778,11.36050987499766
320,361,-0.18941249671619487,17.072523403926244,1,13,0.016160805220213792,0.05,0.10572985230157009,7791,11.378823209088296
321,362,-0.574557562265685,13.599597218632699,1,21,0.004117385891948544,0.05,0.1449845637239161,7812,11.408480833983049
322,363,0.7208896059867466,11.76498704169644,1,23,0.0007079061839720957,0.05,0.09462382320476614,7835,11.441274333978072
323,364,-0.7125673508060898,11.369933252013288,1,24,0.003525797080951909,0.05,0.09278396035855015,7859,11.475381084019318
324,365,0.41465174000562666,15.157830322207882,1,18,0.0060428898125849395,0.05,0.12039690754479832,7877,11.500631249975413
325,366,-0.5707129981253857,13.637999529787338,1,21,0.0016637792110510974,0.05,0.11795052087732724,7898,11.530123458942398
326,367,-0.2018410299944874,16.751252389990988,1,15,0.0001833610036560407,0.05,0.12984170516331991,7913,11.551112625049427
327,368,-0.27982814275018913,16.5095902563422,1,16,0.00470589684759809,0.05,0.11081966082565486,7929,11.573607334168628
328,369,0.47718334226602455,14.759722804324701,1,19,0.0049794302880964425,0.05,0.112999156705643,7948,11.600607499945909
329,370,0.5289696765490824,14.344203922641464,1,19,0.004631091046092273,0.05,0.1268838585207337,7967,11.627181000076234
330,371,-0.27735177802220756,16.585809793940278,1,15,0.0006254362469618191,0.05,0.10055437261859576,7982,11.64822241710499
331,372,0.3211942041663111,16.215259432481254,1,16,0.00022550766250595267,0.05,0.11540750786662102,7998,11.670718041947111
332,373,0.7056100460065556,11.104168161540292,1,23,0.005823870652291396,0.05,0.12188482770453328,8021,11.703172417124733
333,374,-0.6069335815476754,13.167702206689864,1,21,0.009100896621268895,0.05,0.11439216030495507,8042,11.73286566697061
334,375,0.6880465195641945,12.379681051359512,1,21,0.0015069079883677228,0.05,0.09816343967048895,8063,11.762522542150691
335,376,-0.042130085316948396,17.53533083134389,1,8,0.00010849155766100987,0.05,0.13620149716734886,8071,11.773818750167266
336,377,-0.29517209052902055,16.21979081191821,1,15,0.0014255948510903393,0.05,0.1348355953892072,8086,11.795069542014971
337,378,0.10300159553297804,17.597625283151864,1,11,0.007169475966176078,0.05,0.12487171895124695,8097,11.810487959068269
338,379,0.18897005866776376,17.0788172858709,1,13,0.0027116036999470794,0.05,0.09565597056196286,8110,11.828727500047535
339,380,-0.45197876000559156,14.880397328932304,1,19,0.0013096610575349388,0.05,0.12172000659139533,8129,11.855514834169298
340,381,0.4921901020345276,14.619164291257038,1,19,0.004529008501361675,0.05,0.10824829379194661,8148,11.882269500056282
341,382,-0.37383453696095137,15.726347642566543,1,17,0.00392271173185349,0.05,0.12009764857151929,8165,11.906343792099506
342,383,-0.7378066643066715,11.391530614592194,1,24,0.004326335777638413,0.05,0.12066440812001626,8189,11.940880917012691
343,384,-0.08037565456071985,17.648305834177883,1,10,0.006385699195796651,0.05,0.08486742898821831,8199,11.955120041966438
344,385,-0.2828671537593264,16.224697570223363,1,15,0.00869533912685333,0.05,0.11224344583849112,8214,11.976483750157058
345,386,-0.4278932525448729,15.209867463866248,1,18,0.00207321175614128,0.05,0.11633573865724935,8232,12.001953541999683
346,387,-0.23182093226796072,16.658476456813514,1,14,0.003590181398642228,0.05,0.12391173506953887,8246,12.022209834074602
347,388,-0.49228599127485073,14.132177470787427,1,20,0.0008139909567492221,0.05,0.1232720392756164,8266,12.05127854202874
348,389,-0.7844930875403272,10.989810875244439,1,22,0.004232618637447838,0.05,0.11804955842142756,8288,12.087183916941285
349,390,0.21513109305562247,16.74207945833914,1,16,0.005415827655025934,0.05,0.12598240468651056,8304,12.109784417087212
350,391,-0.7921217131713185,13.371647842461243,1,29,0.003414891339391324,0.05,0.1140843222624269,8333,12.150575791951269
351,392,-0.39741164597883893,15.537370209535585,1,17,0.01771336555009906,0.05,0.1297966868561857,8350,12.17471520905383
352,393,-0.1913224072440327,17.014499081327813,1,13,0.0005240154428616528,0.05,0.14390457650789848,8363,12.193227499956265
353,394,0.4715074938798438,15.0038587776864,1,18,0.003637469165136187,0.05,0.11931830820524031,8381,12.219011374982074
354,395,-0.6839292897081937,12.13100443696603,1,22,0.004571164102959546,0.05,0.10673592679879883,8403,12.250342292012647
355,396,-0.1882786189631956,17.076633831090295,1,13,0.004105509384926043,0.05,0.09900434759373848,8416,12.26871145912446
356,397,-0.11389543417224797,17.467906541901176,1,11,0.001086989399930155,0.05,0.12264985692771999,8427,12.28420558408834
357,398,0.48922166187765037,14.542534501192858,1,19,0.0009482121632878315,0.05,0.10186309024299446,8446,12.310857250122353
358,399,0.2900976486360971,16.472023070929573,1,15,0.0021837013260199156,0.05,0.1075427446514368,8461,12.331910917069763
359,400,-0.48144190244704177,14.788692420441658,1,19,0.003712901520952383,0.05,0.11635005013330986,8480,12.358676417032257
360,401,0.30940944046890684,16.27338467447553,1,16,0.01291037135140155,0.05,0.1344640952302143,8496,12.381229541962966
361,402,-0.3763168146004013,15.859339895330777,1,17,0.008624679224004395,0.05,0.10944350611637621,8513,12.405252584023401
362,403,-0.5158283551552408,14.380866977511323,1,19,0.0037439299926643743,0.05,0.12012423859222938,8532,12.432459250092506
363,404,-0.3153530024276851,16.107708730152808,1,16,0.005217884786955007,0.05,0.10915441694669425,8548,12.455207749968395
364,405,0.6202348658252191,12.989376057335175,1,22,0.013801380133250274,0.05,0.11254006827419455,8570,12.486177416983992
365,406,-0.6824370999568526,12.282988364074845,1,23,0.00809892754122421,0.05,0.09757614670240361,8593,12.518521666992456
366,407,-0.5441189858386393,14.034468540211673,1,21,0.002456045801520257,0.05,0.11571041139818374,8614,12.54806900001131
367,408,0.15844330465541728,17.242611258244143,1,12,0.005504374948996527,0.05,0.09809464278320472,8626,12.565041749970987
368,409,-0.3035979203386731,16.43106875194935,1,16,0.006181525871363613,0.05,0.14227195316925645,8642,12.587572167161852
369,410,-0.07026616284148002,17.582565059140325,1,10,0.00447787421066069,0.05,0.11398194851353764,8652,12.60171079216525
370,411,-0.6126297931326345,13.221909995749593,1,21,0.01092995799806995,0.05,0.12082780223517191,8673,12.631285709096119
371,412,0.3224964595818037,16.23506485117978,1,16,0.003482943536890437,0.05,0.138297212542966,8689,12.653856709133834
372,413,-0.7260472352508467,11.857760070450604,1,23,0.004529773191117803,0.05,0.13289898820221424,8712,12.686477959156036
373,414,-0.08826435320557594,17.471814035833813,1,10,0.005490592475408271,0.05,0.13811449632048606,8722,12.700617959024385
374,415,0.4309315112817837,14.90451767295599,1,18,0.007517568857747292,0.05,0.09952599162028895,8740,12.72590795904398
375,416,-0.7964184959853485,10.607550629787147,1,24,0.0018601831873725772,0.05,0.11905845177049439,8764,12.759924959158525
376,417,0.7244943947235598,11.918809846101794,1,21,0.0034253623941173927,0.05,0.1410029118969327,8785,12.789629583945498
377,418,-0.28923658001027874,16.53225005660206,1,15,0.0038591391834812416,0.05,0.15891342895726362,8800,12.81079895910807
378,419,0.7604631706231898,11.450487581161724,1,22,0.0009125133740113256,0.05,0.13656798428432507,8822,12.841944416984916
379,420,0.4438828135352331,15.155757163325324,1,18,0.0072864456895600505,0.05,0.11419497720069355,8840,12.867412250023335
380,421,-0.5083852588598422,14.250805603661865,1,18,0.016955626691940173,0.05,0.13560354999370045,8858,12.89292791695334
381,422,0.19018300222442566,17.185815442621013,1,13,0.0048352659183305835,0.05,0.15901140238230044,8871,12.911352833965793
382,423,0.1587236670826192,17.330501567199825,1,12,0.004862625233814477,0.05,0.10365455566594999,8883,12.928330125054345
383,424,0.3910994776779381,15.76578041985631,1,17,0.004791457516196751,0.05,0.11362771065357853,8900,12.952396209118888
384,425,-0.6579271684516451,12.840854970313377,1,20,0.00012403821994189101,0.05,0.12358552552759647,8920,12.980749625014141
385,426,0.06543098616515497,17.7033838702715,1,10,0.0033748606916562465,0.05,0.13946955725550653,8930,12.99502475000918
386,427,0.07390866950002231,17.74707454238087,1,10,0.0034051097749331627,0.05,0.14948656186461448,8940,13.009073958965018
387,428,0.2211846199926468,16.86104239821434,1,14,0.004342529595704886,0.05,0.14803893252142838,8954,13.029115000041202
388,429,0.08327242586413029,17.714816529583185,1,10,0.005482716390517797,0.05,0.11889847740530968,8964,13.043266749940813
389,430,0.3970156811622676,15.524407415260793,1,18,0.0009440661753419843,0.05,0.11351684956914848,8982,13.068506417097524
390,431,-0.7074387048281253,11.985424863686784,1,22,0.020791465740362614,0.05,0.13649623883380133,9004,13.099874417064711
391,432,0.2533006492090193,16.58886678547133,1,15,0.0017213608539461966,0.05,0.13047590032219886,9019,13.12107375008054
392,433,-0.20838012424453167,16.97424661765108,1,13,0.01483766751722243,0.05,0.13233053913483253,9032,13.139467749977484
393,434,-0.4279303711334649,15.233636020199627,1,18,0.0026297531820477227,0.05,0.14661640839444268,9050,13.164805250009522
394,435,0.42162192935664167,15.203205243963748,1,17,0.008187997628025856,0.05,0.1292832469677224,9067,13.18894754210487
395,436,-0.3909203042044849,15.789463294541928,1,17,0.002826515300437593,0.05,0.13052774461753228,9084,13.213719667168334
396,437,-0.4037416292075312,15.50074904426001,1,17,0.005084001595517029,0.05,0.13287793603890083,9101,13.239495709072798
397,438,0.5744934033323281,13.710877616824291,1,20,0.009336389297692649,0.05,0.1322213990613818,9121,13.268020250136033
398,439,0.7547916257591396,11.588036211713916,1,22,0.00027141804173125283,0.05,0.1433221079747785,9143,13.299295542063192
399,440,0.7618296195309382,11.246554388012736,1,22,0.005620130783683064,0.05,0.14942213689739053,9165,13.330343125155196
400,441,-0.4718978268684804,14.957069985149428,1,18,0.002492596370413991,0.05,0.14200512112842667,9183,13.355897834058851
401,442,-0.11358586939265686,17.57587371979607,1,11,0.006265811106441269,0.05,0.13228839669715275,9194,13.371440374990925
402,443,-0.6954657021264019,12.369724036054684,1,22,0.006201813816537949,0.05,0.10843489954078739,9216,13.402594374958426
403,444,0.5188065501630058,14.006681706651579,1,20,0.0006778904079935977,0.05,0.121105414070189,9236,13.431540000019595
404,445,0.04061811387484138,17.678237475280184,1,8,0.0006271968949606577,0.05,0.1276910665910691,9244,13.442851166939363
405,446,0.36779957081011594,15.698765683625243,1,18,0.0002182964360454287,0.05,0.1253815038750569,9262,13.468629874987528
406,447,0.22269722874543643,17.022754039429127,1,14,0.007926337373358516,0.05,0.13336577186627047,9276,13.488209125120193
407,448,-0.7481507942999026,13.384220745647326,1,27,0.011550144749970848,0.05,0.13177724065328086,9303,13.526566999964416
408,449,0.6226488377359849,13.254678617371246,1,20,0.004453138101400911,0.05,0.1511836763471365,9323,13.55492754210718
409,450,-0.012224440268279757,17.857940680207683,1,8,0.002712696085238003,0.05,0.11147188348695636,9331,13.566283459076658
410,451,-0.15738460021114112,17.25377184636891,1,12,0.006167838936881831,0.05,0.14479216498633227,9343,13.583230500109494
411,452,0.7353949698118358,11.81634298429126,1,22,0.0006527941354061984,0.05,0.12325154126367786,9365,13.614223709097132
412,453,-0.5036751774216691,14.056302922987378,1,19,0.006514579588542957,0.05,0.1428473113398803,9384,13.640959959011525
413,454,-0.6193576978899268,12.668675005747353,1,22,0.009828817221097408,0.05,0.14932993333786726,9406,13.671911959070712
414,455,-0.1462640089067074,17.268235213618027,1,12,0.01369812334215137,0.05,0.13424788881093264,9418,13.688891834113747
415,456,-0.04852280901637496,17.688199126347897,1,9,0.008884281105415455,0.05,0.1069556578165955,9427,13.701676124939695
416,457,-0.19161921319397468,16.923777208663523,1,13,0.018508164371496355,0.05,0.12183004717987317,9440,13.719919209135696
417,458,0.1855741088405587,17.096826552774292,1,13,0.0006843461272579843,0.05,0.1339143828417246,9453,13.7382865420077
418,459,0.5936207280969724,13.550570399319986,1,20,0.0026673137140688086,0.05,0.15164682939648627,9473,13.766723042121157
419,460,-0.7710275761003221,11.17474777949974,1,23,0.0033999480168179774,0.05,0.14484836282613484,9496,13.79941483400762
420,461,0.555671744417733,14.072820751229301,1,20,0.002950039974910945,0.05,0.13829472521319985,9516,13.827612250111997
421,462,0.6037865913127176,12.124194687930867,1,23,0.012879231438083671,0.05,0.1355243726916935,9539,13.859923500102013
422,463,0.6571877452393446,12.704185973037966,1,21,0.013807326314816182,0.05,0.14833056669504868,9560,13.88963495916687
423,464,0.0840631764924293,17.65961507236134,1,10,0.002069807259404352,0.05,0.16240596771240234,9570,13.903670958941802
424,465,0.6276280053904725,13.207691343897022,1,21,0.0070309415803869735,0.05,0.15177344388905026,9591,13.93357575009577
425,466,-0.5082793289789551,14.463710529520176,1,19,0.0021115528189913357,0.05,0.10885843330700147,9610,13.960722374962643
426,467,0.047065459264018374,17.630132916849107,1,9,0.016698481040460962,0.05,0.13999642100599077,9619,13.97353162500076
427,468,0.47124838757217946,14.607292203325777,1,19,0.01503521487721915,0.05,0.1419530552076666,9638,14.000486250035465
428,469,0.008121355996857815,17.93502914905548,1,8,0.008121355996857815,0.05,0.19669259805232286,9646,14.011613292153925
429,470,-0.06196394977401738,17.75563847189769,1,9,0.008213372080510206,0.05,0.1429666235215134,9655,14.024687791941687
430,471,-0.1625928937340545,17.228364819567652,1,13,0.011721584559642534,0.05,0.14798992929550317,9668,14.043360500130802
431,472,0.06251899386901859,17.51916880980134,1,9,0.020960531109622788,0.05,0.14243491532074082,9677,14.056309125153348
432,473,0.433275324599817,15.346143823105376,1,18,0.0027356146042302742,0.05,0.14382053363240427,9695,14.085407125065103
433,474,0.4768355132126493,14.553952128067612,1,18,0.02176917532629491,0.05,0.14828786481585768,9713,14.111809125170112
434,475,-0.7063986355716193,12.20081763502676,1,22,0.005332508103244926,0.05,0.14813312811946328,9735,14.143157167127356
435,476,-0.7376954463216658,11.632174343953375,1,21,0.0030208731179351966,0.05,0.1083456820675305,9756,14.173100500134751
436,477,0.5435658401334346,14.210453224810772,1,19,0.0025181528486809546,0.05,0.16969159167063863,9775,14.200260375160724
437,478,-0.09298700197988943,17.511426825611853,1,11,0.010195944118691458,0.05,0.14078723368319598,9786,14.216446209000424
438,479,-0.38705997664314523,15.770101081207395,1,16,0.006558866398273633,0.05,0.12774448050186038,9802,14.239325209055096
439,480,0.386844535462493,15.705958734359593,1,17,0.006571914727996397,0.05,0.1326177576008965,9819,14.263162417104468
440,481,0.5864794368140774,13.536505975818727,1,20,0.004818599392515832,0.05,0.10832679951563477,9839,14.291565041989088
441,482,0.3623007711110541,15.918042476993287,1,17,0.010956089983789052,0.05,0.14352325284305742,9856,14.315642167115584
442,483,-0.6249484892220943,13.35769855416147,1,20,0.005838761935708092,0.05,0.14984320290386677,9876,14.343895459081978
443,484,-0.7099847979981864,11.942438943870366,1,21,0.0126456103485858,0.05,0.13590421775976816,9897,14.373735875124112
444,485,0.06476528381268398,17.79833299834281,1,10,0.005738275912405166,0.05,0.1396101139485836,9907,14.387714375043288
445,486,0.48084529055635844,14.769965439359657,1,18,0.015406728845831441,0.05,0.12582214440529546,9925,14.413451875094324
446,487,0.03139026968997207,17.61582037503831,1,8,0.013389625659122266,0.05,0.1613674396649003,9933,14.424725000048056
447,488,-0.7787754968035531,11.153994961408898,1,22,0.010790739138685002,0.05,0.15758465738459068,9955,14.456384417135268
448,489,0.21091023682256865,17.030827917950226,1,14,0.005363940397630773,0.05,0.11199716691459928,9969,14.476285875076428
449,490,-0.3262344242988737,16.1099260089919,1,16,0.014085218200883542,0.05,0.1729168687015772,9985,14.49888762505725
450,491,0.42343566877916194,15.197879051760538,1,18,0.005635031047296679,0.05,0.14263066835701466,10003,14.524432625155896
451,492,0.14202301240682616,17.422489356808363,1,12,0.0025162431501953852,0.05,0.15351926162838936,10015,14.541321499971673
452,493,0.5848176359994781,13.620222081209068,1,20,0.005283030276615919,0.05,0.1404309027828276,10035,14.569632166996598
453,494,0.6330780057525964,13.138921138457954,1,21,0.009640739695900957,0.05,0.15369743578845546,10056,14.599237834103405
454,495,0.18266905807566422,16.92287265760824,1,14,0.0035893968921524577,0.05,0.12562561567340577,10070,14.618816709145904
455,496,0.6818352703629842,12.455029801325873,1,22,0.009005594233112757,0.05,0.13651650144972585,10092,14.649789500050247
456,497,-0.05744995877667663,17.706470753846226,1,9,0.007381088741425422,0.05,0.15067649839652908,10101,14.662557834060863
457,498,0.4438812868556216,15.012962528329808,1,18,0.0009395041138768878,0.05,0.134799155096213,10119,14.687680250033736
458,499,0.7069076243001078,12.329223149339668,1,22,0.008917662362618484,0.05,0.1401046724482016,10141,14.718804500065744
459,500,0.10678902889033104,17.403474339330568,1,11,0.0029532465483955855,0.05,0.1319066800854423,10152,14.734392125159502
460,501,0.7942821737003531,10.538847211375833,1,24,0.021339645908795446,0.05,0.15626558374303082,10176,14.768287625163794
461,502,-0.57664852730571,13.425191359617747,1,20,0.003608025654900926,0.05,0.16066261194646358,10196,14.796629125019535
462,503,-0.1414270191414193,17.36538897212595,1,12,0.018939719094479696,0.05,0.17034686294694742,10208,14.813522834097967
463,504,-0.779250345795632,10.988784181093797,1,22,0.01900088319814197,0.05,0.14193830926987258,10230,14.84478750010021
464,505,0.5606767474901023,13.675179503066465,1,20,0.012536924203074507,0.05,0.1524593537673354,10250,14.87316279206425
465,506,-0.3183066321197222,15.858998207002877,1,16,0.009725195262631658,0.05,0.1617902903817594,10266,14.896205374971032
466,507,-0.36966571185250424,15.549496848124544,1,17,0.015899356988082536,0.05,0.14687125582028837,10283,14.920150417136028
467,508,0.5533723006055441,14.080340661667288,1,19,0.00857574535103689,0.05,0.1644196358362311,10302,14.947403167141601
468,509,-0.19620719031318165,17.077018472144843,1,13,0.003570822044914518,0.05,0.12957327239788496,10315,14.965974375139922
469,510,0.11534701446455031,17.571102393826003,1,11,0.007648964517692036,0.05,0.1606510958888314,10326,14.981475209118798
470,511,0.7141743320066527,12.015203101211227,1,21,0.0239766795566565,0.05,0.12965493383152144,10347,15.011083250166848
471,512,-0.5163614733731026,14.335020794300362,1,19,0.01629631478428084,0.05,0.1500211291407284,10366,15.038536792155355
472,513,-0.1897247877081993,17.163148876401827,1,13,0.0017923772315336373,0.05,0.14243636165673917,10379,15.057001542067155
473,514,0.28317395891814795,16.414716618834063,1,15,0.0018291032727449918,0.05,0.15562114243706068,10394,15.07849366706796
474,515,0.2547421798630682,16.395280658919365,1,15,0.007019116319555929,0.05,0.1101945420106252,10409,15.099674875149503
475,516,-0.6732600151705832,12.558335689653177,1,21,0.002612325250410108,0.05,0.12202058067279202,10430,15.129684375133365
476,517,0.4503738360808385,17.820108424150384,1,21,0.0014942827265522207,0.05,0.14816453928748766,10451,15.159244959009811
477,518,-0.45497788776885656,14.482041923794895,1,20,0.01174551427481324,0.05,0.14223674526438118,10471,15.187854083953425
478,519,-0.5388391946698737,13.281701529631391,1,22,0.00866582319374909,0.05,0.13058419339358807,10493,15.21962166693993
479,520,-0.3582158501121068,15.588752738106995,1,16,0.03673868033767036,0.05,0.1453388729132712,10509,15.242592834169045
480,521,0.46446669591722767,14.252827605430502,1,20,0.010601477929692127,0.05,0.15099765751510857,10529,15.270909584127367
481,522,-0.7811144100782514,10.815632008446846,1,23,0.002468362734812546,0.05,0.14391967419372953,10552,15.303848042152822
482,523,-0.7872265471960671,10.916840457366925,1,22,0.010226690469091304,0.05,0.14068514718250794,10574,15.33542662509717
483,524,-0.6380409177071087,12.943058074195868,1,20,0.012125497576137012,0.05,0.13698150236159562,10594,15.364062584005296
484,525,0.3886214273810433,15.68858818130102,1,17,0.009170629329363023,0.05,0.1418991270749008,10611,15.388116708956659
485,526,-0.2573460565708114,16.709113516286017,1,14,0.005582848013731212,0.05,0.15860656702092715,10625,15.408183250110596
486,527,0.020612478593886152,17.741781700763386,1,8,0.009923756860537699,0.05,0.152427681023255,10633,15.419715542113408
487,528,0.6103851307240689,12.6652641935274,1,21,0.013218560697198622,0.05,0.16253606043756008,10654,15.45013516698964
488,529,-0.6059124461593521,13.425402760703584,1,20,0.00755229696322357,0.05,0.12934967316687107,10674,15.478749500121921
489,530,0.20392662633092604,18.740795254241675,1,18,0.004718901550423066,0.05,0.14199959745423663,10692,15.504350375151262
490,531,0.5364280725012579,14.228601584234275,1,19,0.003456879509730837,0.05,0.1306607440898293,10711,15.531472583999857
491,532,-0.5355432153496341,14.003760482859796,1,19,0.015413130830109312,0.05,0.13661948596372417,10730,15.558702500071377
492,533,0.1044750364883944,17.450503793224925,1,11,0.0018444668384130641,0.05,0.16471295736052774,10741,15.574486792087555
493,534,-0.02216698947789606,17.524139795592056,1,8,0.015547146033859954,0.05,0.17556668352335691,10749,15.58589725010097
494,535,0.7737855863822596,11.286585621908307,1,22,0.012775135120370651,0.05,0.13211314464834603,10771,15.61725112516433
495,536,-0.4725298367939981,14.879594014864415,1,18,0.010859208490131333,0.05,0.17569983709189627,10789,15.642766000004485
496,537,-0.22852677730239535,16.865018376056106,1,14,0.009623779650625608,0.05,0.16950554453900882,10803,15.662612500134856
497,538,0.04080522177107931,17.676740612718277,1,8,0.0008143047911985876,0.05,0.13802066538482904,10811,15.673865250078961
498,539,-0.7706720075545521,11.195984602125828,1,22,0.007486353741664953,0.05,0.1232157006690448,10833,15.705163625068963
499,540,-0.38461121010467303,15.61031045136042,1,16,0.015247015652743556,0.05,0.1639432804659009,10849,15.728044167160988
500,541,0.37476900046180667,15.794811154156923,1,16,0.006911463368573678,0.05,0.13453530776314437,10865,15.750618583988398
501,542,0.7675692055221183,11.233434032299556,1,23,0.015429652156305096,0.05,0.15322961261414964,10888,15.783404750050977
502,543,-0.056320210250108894,17.434290704134035,1,10,0.011719263913181455,0.05,0.14421374686062335,10898,15.797572875162587
503,544,-0.2745528045273794,16.53050374398008,1,15,0.00542872288712426,0.05,0.14308634586632252,10913,15.818938791984692
504,545,-0.47658867711098996,14.736332735978067,1,18,0.01530059735165512,0.05,0.12630718822280565,10931,15.844481167150661
505,546,0.4231507861233267,17.093067164503736,1,22,0.007772627587194436,0.05,0.12673150578683073,10953,15.875691584078595
506,547,-0.7446499074614943,11.492540643777465,1,22,5.897847446445503e-05,0.05,0.14919618500227277,10975,15.907140834024176
507,548,-0.4762723936380777,14.684719114145263,1,18,0.009860780220331822,0.05,0.14008740325354868,10993,15.933008084073663
508,549,-0.6824598169366878,12.284955309028737,1,20,0.010841732599931597,0.05,0.1619222855195403,11013,15.96176320896484
509,550,-0.28454950750733216,16.506556465663017,1,15,0.017166190788782287,0.05,0.159299997985363,11028,15.983099959092215
510,551,0.7413630791683019,11.224093797942624,1,23,0.003448543607520227,0.05,0.150491697470779,11051,16.01597133395262
511,552,-0.6042338058153643,13.309354451182298,1,19,0.016319344519175827,0.05,0.14811428744149835,11070,16.043335334165022
512,553,0.33516345271364134,16.077178999688478,1,16,0.00965113163900827,0.05,0.14826013601850718,11086,16.066277917008847
513,554,0.7849912772523866,11.179122612439095,1,23,0.011539467261383218,0.05,0.1472813179311545,11109,16.102051542140543
514,555,-0.45479392394250145,14.798489455229719,1,17,0.032822762015158824,0.05,0.156734358300181,11126,16.128905417164788
515,556,0.3721753245153753,15.828052668040618,1,16,0.0012575227308438963,0.05,0.16068912856280804,11142,16.151515417033806
516,557,0.509602317051893,14.935133765591308,1,25,0.004086996091712258,0.05,0.19335372537374496,11167,16.187370999949053
517,558,0.24451134482385833,16.617331129920057,1,15,0.0026420562630150857,0.05,0.17121792708834013,11182,16.20921179209836
518,559,0.5228333272521022,14.385434446809814,1,18,0.003761557277815908,0.05,0.13954657398992115,11200,16.23499079211615
519,560,-0.03948386243936444,17.711339982645587,1,8,0.0007657096592674703,0.05,0.19618964660912752,11208,16.246500042034313
520,561,0.31969001673649444,15.550328313861973,1,18,0.005681681185174814,0.05,0.17898846003744337,11226,16.27189433411695
521,562,0.23475860442418117,16.84965401281952,1,14,0.00213865374582925,0.05,0.15555737114378385,11240,16.291911584092304
522,563,-0.5081629346193823,14.251507538452278,1,19,0.009467366979032443,0.05,0.15429985738898577,11259,16.318942042067647
523,564,0.25873117485610087,16.428402226837353,1,15,0.004285662741280727,0.05,0.15848511209090552,11274,16.34031870914623
524,565,-0.041485653195131714,17.63791726762429,1,8,0.01214191305677996,0.05,0.16222536005079746,11282,16.35172679205425
525,566,0.756014103298697,10.530724020767957,1,23,0.020556776860901294,0.05,0.13444101340744807,11305,16.384379709139466
526,567,0.24455712635781737,16.744174834759907,1,14,0.006618585846374342,0.05,0.1661412955394813,11319,16.40418108412996
527,568,0.4002928714240144,15.311610713013215,1,18,0.0047011948258067204,0.05,0.14693560265004635,11337,16.430074334144592
528,569,0.48356802140473487,14.714117428008468,1,18,0.012746332833511287,0.05,0.18955906190805966,11355,16.455880334135145
529,570,0.3533345320100191,15.6750559568085,1,18,0.006963766950178973,0.05,0.1618664554423756,11373,16.481466917088255
530,571,0.3137870114173577,16.14818784587551,1,15,0.0026598454725428877,0.05,0.19606143633524578,11388,16.50273191696033
531,572,0.16815688222443337,17.12173602031544,1,13,0.005761495990003501,0.05,0.14474697124499541,11401,16.521271083969623
532,573,-0.5410074193983256,13.904313537897542,1,19,0.000767339977726933,0.05,0.12981535984497322,11420,16.548142042011023
533,574,0.01785018749772558,17.74856632454321,1,8,0.007161465764377126,0.05,0.20587880723178387,11428,16.559450916945934
534,575,-0.6617697719664968,12.553010330628602,1,20,0.017714226516790554,0.05,0.1736726856790483,11448,16.587914624949917
535,576,0.4980219997654423,14.423236947250551,1,18,0.012402542528911209,0.05,0.17383601516485214,11466,16.613561416976154
536,577,0.24438723043660904,16.744854416011368,1,14,0.006788481767582677,0.05,0.1664432261937431,11480,16.63330875011161
537,578,-0.21677871837185114,17.05245716688223,1,14,0.013036530780421413,0.05,0.12879197179738963,11494,16.6530723341275
538,579,-0.3967854425480871,15.554926221561619,1,17,0.008278842998454605,0.05,0.13893777175861247,11511,16.67724237497896
539,580,-0.7281604527636185,11.9025784738129,1,22,0.001003480266834833,0.05,0.1726688261736523,11533,16.708584875101224
540,581,0.10078365991911067,17.612757147033697,1,11,0.001855885535747795,0.05,0.18127420409159226,11544,16.72423587506637
541,582,-0.42756318125756665,15.30458628172055,1,17,0.0020938502659607616,0.05,0.15700309383956826,11561,16.74838508409448
542,583,-0.68349167397174,12.246088608959688,1,22,0.0036627265516849805,0.05,0.14905590428547424,11583,16.7797553751152
543,584,0.7110457410377745,11.076043286500498,1,24,0.004478303888922119,0.05,0.16911472962237895,11607,16.81377841695212
544,585,-0.34730650889837433,16.00438061852474,1,16,0.004555666446581064,0.05,0.1551191988401115,11623,16.836471250047907
545,586,-0.40569423927709014,15.432269598171114,1,16,0.008391155278097973,0.05,0.18229508865624666,11639,16.85918250004761
546,587,-0.3164645888139694,16.04338069553014,1,16,6.871216254178414e-05,0.05,0.15092633292078972,11655,16.8817183340434
547,588,0.7975323230469042,11.044909085072868,1,22,0.007337189698017554,0.05,0.1495156315239993,11677,16.913093500072137
548,589,0.23788716364177312,16.764881344512105,1,14,0.0014660133033853051,0.05,0.1606828272342682,11691,16.933255875017494
549,590,0.32464324256197963,16.082265687698964,1,16,0.012147302060322551,0.05,0.14548379997722805,11707,16.956005667103454
550,591,-0.3196153711487723,16.12250500743976,1,17,0.0066816397902702,0.05,0.1504061708555502,11724,16.980286584002897
551,592,-0.6750949068530425,12.110802495427198,1,22,8.899779949289588e-05,0.05,0.1596255133097822,11746,17.011717000044882
552,593,0.27521468624367584,16.23588451910764,1,15,0.01274160585477968,0.05,0.18638935287793476,11761,17.03339400002733
553,594,-0.3687755627312559,15.0155739962589,1,19,0.008795439287616724,0.05,0.18544152790778562,11780,17.060283084167168
554,595,0.14386107431585415,17.236070684436708,1,12,0.01372104099536356,0.05,0.17144851852208376,11792,17.077485708985478
555,596,0.22450196137511133,16.73044832497835,1,14,0.01137530645597662,0.05,0.17180228286555835,11806,17.097266749944538
556,597,0.406770102936042,15.212567023467273,1,18,0.02029069256889482,0.05,0.1452162710742818,11824,17.122723374981433
557,598,0.7717481166426181,11.402676344383508,1,23,0.02191599574441694,0.05,0.12889127789632135,11847,17.155434499960393
558,599,0.3266301247849175,15.973810309753752,1,16,0.00062932553189049,0.05,0.176437983289361,11863,17.1783202921506
559,600,-0.4584774720324948,14.839702934847445,1,17,0.004025390675155671,0.05,0.17995644799050162,11880,17.202678916975856
560,601,0.5207397968666833,14.221724942186846,1,18,0.02253862040474308,0.05,0.1709408135049873,11898,17.22927883407101
561,602,-0.3657606947435357,15.740356204286217,1,17,0.01015126056098703,0.05,0.18125972294193857,11915,17.25331308413297
562,603,-0.4828431404951216,14.616854092606808,1,18,0.031761687802421223,0.05,0.1443643853482273,11933,17.278868875000626
563,604,-0.4287804926943777,15.293027258562507,1,17,0.00015220755348061,0.05,0.13809997380218086,11950,17.30316812498495
564,605,-0.6236063885603089,12.89640332411509,1,21,0.02106069007303968,0.05,0.16282193770720846,11971,17.333082209108397
565,606,0.43892978530233207,15.04267991465749,1,17,0.0037565365671939355,0.05,0.17901303860194542,11988,17.357438584091142
566,607,0.23162780031099806,16.79813928544172,1,14,0.012875739438609007,0.05,0.15893345100006886,12002,17.37753791711293
567,608,0.021679879490225318,17.701149605214596,1,8,0.002888855164630992,0.05,0.16268461104482412,12010,17.388892333954573
568,609,0.3298716421779888,15.925563532253726,1,16,0.0040899057308749764,0.05,0.16171835991553962,12026,17.412023124983534
569,610,-0.24057816845785995,16.746482700947674,1,15,0.009493133997789838,0.05,0.17186388298869132,12041,17.433618542039767
570,611,0.34591424571555046,15.988707226072439,1,16,0.006477275742864497,0.05,0.20382176409475505,12057,17.456589750014246
571,612,-0.5486819652144034,13.894965422083622,1,19,0.009959091530133524,0.05,0.14579239428827637,12076,17.483812917023897
572,613,0.5318786465967854,13.989949265966425,1,19,0.023499903433918723,0.05,0.15046741509515987,12095,17.510900542140007
573,614,-0.675208164478462,12.424726494972127,1,21,0.003999816219721453,0.05,0.167148016925369,12116,17.54081379203126
574,615,0.7887331447931949,10.50379077680409,1,23,0.016316789235826024,0.05,0.15163146226626376,12139,17.57354820915498
575,616,-0.16508567579388045,17.082637075567618,1,14,0.004788103430928836,0.05,0.16181711586458342,12153,17.593534667044878
576,617,-0.7738384184813643,11.297081209905446,1,22,0.006312967404614289,0.05,0.1257920629260215,12175,17.624887000070885
577,618,0.05714857025827769,17.65379962087609,1,9,0.00430882594184985,0.05,0.19821704261832768,12184,17.63780204206705
578,619,-0.5716958745026143,19.880267372599338,1,30,0.017049254257283986,0.05,0.1374027216186126,12214,17.680638750083745
579,620,0.6702132243126351,12.62230726191774,1,20,0.007483507326008998,0.05,0.1790362723171711,12234,17.70904687512666
580,621,0.03189333427247032,17.581748205795883,1,8,0.0016400222952471198,0.05,0.1559101603925228,12242,17.720511791994795
581,622,-0.5033674480893507,14.028371232375502,1,19,0.006056088293805162,0.05,0.1842440929459898,12261,17.747605541953817
582,623,-0.7260777906475453,11.601981776440516,1,23,0.003069592658041853,0.05,0.1748575979600782,12284,17.780435084132478
583,624,-0.750784584407358,11.33601023107767,1,22,0.012577895069430078,0.05,0.13782044889574702,12306,17.81165970908478
584,625,-0.1406774623774881,17.348465852392838,1,12,0.0038105988836143467,0.05,0.1474274997599423,12318,17.828754542162642
585,626,-0.07063697658133794,17.472914112359284,1,10,0.009166192391779404,0.05,0.21585988625884056,12328,17.842939084162936
586,627,-0.5550887991191804,13.853758169081994,1,19,0.0013232779507147407,0.05,0.12602922839945868,12347,17.87004008400254
587,628,0.7624281384288718,11.419216885522474,1,22,0.0010524544316706796,0.05,0.1847292682663961,12369,17.90141366701573
588,629,0.6127181882838496,13.351970233587782,1,19,0.00012833634174413966,0.05,0.14214184110690103,12388,17.928761792136356
589,630,0.10503219676991922,17.48558157622465,1,11,0.007244673555961548,0.05,0.1386916024441069,12399,17.944534667069092
590,631,0.606402153957403,13.212514656456186,1,20,0.010103157871833801,0.05,0.15901618897914888,12419,17.973098709015176
591,632,-0.6717546726160344,12.422812095237896,1,21,0.017183540134302122,0.05,0.13685516055141175,12440,18.003179833991453
592,633,-0.666354649278231,12.504956897953525,1,21,0.0011933074293998258,0.05,0.16677790614111082,12461,18.033579792128876
593,634,0.686589251216912,12.441065966524185,1,21,0.02316640573849993,0.05,0.14128292777708598,12482,18.063683375017717
594,635,0.6166735465439181,13.400652457773685,1,20,0.01842520706354278,0.05,0.16580808693543075,12502,18.092311625136063
595,636,-0.2022792536024504,16.91716760334675,1,13,0.00027308203709558443,0.05,0.15642680170444342,12515,18.11128449998796
596,637,-0.17643036352369848,17.05276318131946,1,13,0.0016052417197295055,0.05,0.16062178104542768,12528,18.13493433408439
597,638,-0.3110747673147316,16.257835431629793,1,16,0.012195911885723443,0.05,0.16423264134209603,12544,18.15808037505485
598,639,0.6587459980993426,12.70216550474288,1,21,0.016659171002585405,0.05,0.1555987305584408,12565,18.188636624952778
599,640,0.11829874477374479,17.42992991952342,1,11,0.008913409851033463,0.05,0.206000724976713,12576,18.204877000069246
600,641,-0.6871602163609953,11.631097641633824,1,23,0.022230243814232664,0.05,0.13282818565873997,12599,18.238759458996356
